trial,accuracy,device,ffn_mult,flops,frozen_params,gflops,gpu_name,hidden_size,intermediate_size,latency_max_ms,latency_min_ms,latency_std_ms,mcc,mean_latency_ms,model_size_mb,num_heads,num_layers,p50_latency_ms,p95_latency_ms,p99_latency_ms,peak_inference_allocated_mb,peak_inference_reserved_mb,peak_total_allocated_mb,peak_total_reserved_mb,throughput_samples_per_sec,total_params,total_trial_time_min,total_trial_time_sec,trainable_params,training_time_min,training_time_sec,unsupported_flop_ops,validation_loss
2,0.8462,cuda,1,4086796032.0,27383808,4.086796032,Tesla T4,768,768,7.6662970000143105,5.396089999976539,0.36999186595877087,0.7882034260795525,5.866864320032619,214.96290969848633,12,9,5.795308000188015,6.486035300054027,7.379736550210511,2.6259765625,2.0,237.82177734375,276.0,170.44880287847533,56351237,12.628244364261628,757.6946618556976,28967429,12.35654015938441,741.3924095630646,46,0.8588137626647949
3,0.86,cuda,4,6349754112.0,30925056,6.349754112,Tesla T4,768,3072,8.347909000804066,5.527313000129652,0.3122257412450568,0.8075180170122415,5.794782969924199,282.4658393859863,4,7,5.744765499912319,6.048386049269538,6.755621709253327,5.125,2.0,317.55615234375,358.0,172.56901685363394,74046725,16.405924129486085,984.355447769165,43121669,16.0828120748202,964.968724489212,38,0.7959723472595215
4,0.8484,cuda,1,3178860288.0,27383808,3.178860288,Tesla T4,768,768,7.849308000004385,4.361180999694625,0.3677963812691881,0.7915347303988775,4.580421179998666,187.90431594848633,12,7,4.476626999803557,4.965706700431838,5.246550479987504,2.6259765625,2.0,220.01318359375,238.0,218.32053444488946,49257989,9.934117225805918,596.0470335483551,21874181,9.71572442452113,582.9434654712677,38,0.8579407930374146
5,0.8478,cuda,1,5448699648.0,30930432,5.448699648,Tesla T4,768,768,8.358856000086234,6.819963999987522,0.3258342761118097,0.7904045740746319,7.228108320005049,255.55080032348633,12,12,7.144231500205933,7.938169700491926,8.146553469223365,2.6259765625,2.0,287.65966796875,318.0,138.34878445752202,66991109,16.007559851805368,960.4535911083221,36060677,15.673686710993449,940.4212026596069,58,0.8671183586120605
6,0.846,cuda,3,6048747264.0,29744640,6.048747264,Tesla T4,768,2304,6.927588000507967,5.533271999411227,0.18790203634894517,0.7878737048686694,5.706660579953677,273.4804878234863,12,8,5.669587500051421,5.859071250006309,6.707253600397963,4.607421875,2.0,307.57080078125,338.0,175.23383176367523,71691269,16.458681150277457,987.5208690166473,41946629,16.131949774424235,967.9169864654541,42,0.8560236096382141
7,0.8412,cuda,1,3632828160.0,27383808,3.63282816,Tesla T4,768,768,6.487109999397944,4.843288000301982,0.23316189979931756,0.7815352207773547,4.996840070025428,201.43361282348633,4,8,4.906441000002815,5.31552420029584,6.013943460702651,2.6259765625,2.0,233.54248046875,258.0,200.1264771307582,52804613,11.108119241396587,666.4871544837952,25420805,10.86696138381958,652.0176830291748,42,0.903174638748169
8,0.8654,cuda,4,9977564928.0,38012928,9.977564928,Tesla T4,768,3072,9.402155999850947,8.495182999467943,0.20743231584035163,0.8155894188099955,8.890313009997044,390.6181831359863,4,11,8.868819999406696,9.243758849333972,9.326940751579968,4.607421875,2.0,424.70849609375,478.0,112.48197885445796,102398213,25.039119029045104,1502.3471417427063,64385285,24.56977912187576,1474.1867473125458,54,0.7739654183387756
9,0.8642,cuda,4,5442801408.0,30925056,5.442801408,Tesla T4,768,3072,6.9670689990743995,4.662196999561274,0.23520050868141856,0.8136922549144955,4.949623989996326,255.42775344848633,6,6,4.928692000248702,5.1228080004875665,5.214804639745134,4.607421875,2.0,289.51806640625,318.0,202.03554896717364,66958853,13.839386693636577,830.3632016181946,36033797,13.54605337381363,812.7632024288177,34,0.7805827856063843
10,0.871,cuda,4,9070612224.0,30925056,9.070612224,Tesla T4,768,3072,9.076274998733425,7.862500999181066,0.1449565151586361,0.8229062630191518,8.026992229933967,363.5800971984863,8,10,7.991747000232863,8.190164450115844,8.3607782402396,4.607421875,2.0,397.67041015625,438.0,124.5796646308983,95310341,23.922581362724305,1435.3548817634583,64385285,23.491781131426492,1409.5068678855896,50,0.7490954995155334
11,0.8424,cuda,3,6048747264.0,29744640,6.048747264,Tesla T4,768,2304,6.772373999410775,5.525218000911991,0.20347440391858565,0.7830958397753461,5.762299790058023,273.4804878234863,4,8,5.716457500057004,6.143169601091358,6.715524240953528,4.607421875,2.0,307.57080078125,338.0,173.5418212230729,71691269,16.20793068408966,972.4758410453796,41946629,15.8852947751681,953.1176865100861,42,0.8995935320854187
12,0.8644,cuda,4,7256706816.0,30925056,7.256706816,Tesla T4,768,3072,6.872814001326333,6.250147998798639,0.12820454185550864,0.8137060989271675,6.4996193300430605,309.5039253234863,4,8,6.496347999927821,6.689000700316683,6.775842510833173,4.607421875,2.0,343.59423828125,378.0,153.85516431365758,81134597,18.800953086217245,1128.0571851730347,50209541,18.446889809767406,1106.8133885860443,42,0.7846937775611877
13,0.8436,cuda,3,4536831744.0,29744640,4.536831744,Tesla T4,768,2304,5.362551000871463,4.19556700035173,0.13233800677750585,0.7847390176068408,4.325189409955783,228.41017532348633,8,6,4.285371499463508,4.482041599021613,4.718437198407631,4.607421875,2.0,262.50048828125,298.0,231.20374744703335,59876357,12.288784762223562,737.3270857334137,30131717,12.028848671913147,721.7309203147888,34,0.8753085136413574
14,0.8316,cuda,1,5448699648.0,30930432,5.448699648,Tesla T4,768,768,8.20012000076531,6.7911179994553095,0.2026866404861463,0.7682137705240824,7.067546570015111,255.55080032348633,4,12,6.998908499554091,7.411940999554645,7.883091309031444,2.6259765625,2.0,287.65966796875,318.0,141.49181616186533,66991109,15.796736872196197,947.8042123317719,36060677,15.469353707631429,928.1612224578857,58,0.9333133101463318
15,0.843,cuda,3,3780873984.0,23837184,3.780873984,Tesla T4,768,2304,4.301171000406612,3.6059089998161653,0.09913998581134742,0.7836968376195085,3.6948937100169132,205.87501907348633,12,5,3.676694500427402,3.864566700121941,3.978034999781814,4.607421875,2.0,239.96533203125,258.0,270.64377989791285,53968901,11.246378429730733,674.782705783844,30131717,11.017650604248047,661.0590362548828,30,0.8620492219924927
16,0.8422,cuda,1,5448699648.0,30930432,5.448699648,Tesla T4,768,768,10.328992000722792,6.824390999099705,0.48239699969311206,0.7825124184475905,7.100806740090775,255.55080032348633,8,12,6.952510999326478,7.55622554825095,9.598097772541227,2.6259765625,2.0,287.65966796875,318.0,140.82906866821955,66991109,16.011296995480855,960.6778197288513,36060677,15.679277082284292,940.7566249370575,58,0.8766716718673706
17,0.8416,cuda,1,3632828160.0,27383808,3.63282816,Tesla T4,768,768,6.081446997995954,4.840014997171238,0.2121126089253338,0.7819632460240159,5.023705210041953,201.43361282348633,8,8,4.924410499370424,5.4096714475235785,5.686096441131669,2.6259765625,2.0,233.54248046875,258.0,199.0562658814228,52804613,11.29292763074239,677.5756578445435,25420805,11.052306036154429,663.1383621692657,42,0.8918724656105042
18,0.842,cuda,3,6804705024.0,29744640,6.804705024,Tesla T4,768,2304,7.440618999680737,6.137477001175284,0.1703093380377895,0.7822178795842297,6.335103819874348,296.0156440734863,6,9,6.3002919996506535,6.562799599669233,7.212630909925793,4.607421875,2.0,330.10595703125,358.0,157.85060962423725,77598725,18.455087554454803,1107.3052532672882,47854085,18.101715683937073,1086.1029410362244,46,0.8838083744049072
19,0.8472,cuda,3,4536831744.0,29744640,4.536831744,Tesla T4,768,2304,4.78929300152231,4.191523999907076,0.09671468208373062,0.7889737900084774,4.3366688097739825,228.41017532348633,6,6,4.310006999730831,4.503360947455803,4.6701554086394035,4.607421875,2.0,262.50048828125,298.0,230.59173846667755,59876357,12.187497889995575,731.2498733997345,30131717,11.92598995367686,715.5593972206116,34,0.8686466813087463
20,0.8732,cuda,4,9977564928.0,38012928,9.977564928,Tesla T4,768,3072,9.708600999147166,8.424453000770882,0.21389611864513808,0.8262166494756016,8.827611050146515,390.6181831359863,12,11,8.782508499280084,9.16567665299226,9.476545990983142,4.607421875,2.0,424.70849609375,478.0,113.2809311963742,102398213,25.12499078909556,1507.4994473457336,64385285,24.65442891518275,1479.265734910965,54,0.743765652179718
21,0.8408,cuda,2,2420936448.0,23837184,2.420936448,Tesla T4,768,1536,4.885861999355257,2.8435000022000168,0.28206817091174036,0.7806773794189756,3.055135909744422,165.32814407348633,4,4,2.9934914982732153,3.461623799375957,4.289203847001775,3.0009765625,2.0,197.81201171875,218.0,327.31768063426523,43339781,8.039807283878327,482.3884370326996,19502597,7.857160361607869,471.42962169647217,26,0.89212965965271
22,0.8416,cuda,3,6048747264.0,29744640,6.048747264,Tesla T4,768,2304,6.334518999210559,5.472339002153603,0.13596236485113083,0.7819514140753602,5.655878320067131,273.4804878234863,8,8,5.650760998832993,5.817348151686019,6.272777648009651,4.607421875,2.0,307.57080078125,338.0,176.80719835361145,71691269,16.428756125768025,985.7253675460815,41946629,16.10372862815857,966.2237176895142,42,0.8778371214866638
23,0.8376,cuda,1,4540763904.0,27383808,4.540763904,Tesla T4,768,768,7.386004999716533,5.882853001821786,0.21673479169081314,0.7763656602117368,6.088354260064079,228.49220657348633,4,10,6.019146001563058,6.430320798972389,6.666132438876961,2.6259765625,2.0,260.60107421875,298.0,164.24799827424548,59897861,13.62166793346405,817.300076007843,32514053,13.33550273180008,800.1301639080048,50,0.8951352834701538
24,0.8332,cuda,1,2724892416.0,27383808,2.724892416,Tesla T4,768,768,5.564752998907352,3.8480380026157945,0.39285821157197565,0.7710686144712617,4.23928211996099,174.37501907348633,4,6,4.073537498697988,5.042281948590244,5.306372898667179,2.6259765625,2.0,206.48388671875,238.0,235.8889952832868,45711365,8.627663818995158,517.6598291397095,18327557,8.430571134885152,505.83426809310913,34,0.9022177457809448
25,0.838,cuda,1,4994731776.0,30930432,4.994731776,Tesla T4,768,768,8.379961996979546,6.341344997053966,0.25069093033356427,0.7768871232822409,6.5131692700015265,242.02150344848633,8,11,6.4301399997930275,6.80672189755569,7.448342299758228,2.6259765625,2.0,274.13037109375,298.0,153.5350853855155,63444485,14.637398703893025,878.2439222335815,32514053,14.330601946512859,859.8361167907715,54,0.8878504037857056
26,0.8386,cuda,2,7260638976.0,33291264,7.260638976,Tesla T4,768,1536,8.924902002036106,6.998666998697445,0.29675050002162706,0.7776649750015213,7.477121980045922,309.5859565734863,6,12,7.420159497996792,7.939270450333424,8.498094189744736,3.0009765625,2.0,342.06982421875,378.0,133.74129814501947,81156101,19.972269757588705,1198.3361854553223,47864837,19.57407125631968,1174.444275379181,58,0.8921107649803162
27,0.8426,cuda,3,7560662784.0,29744640,7.560662784,Tesla T4,768,2304,7.642642998689553,6.760504998965189,0.13648202835088646,0.7832996463604428,7.002384730039921,318.5508003234863,6,10,6.985365500440821,7.145574251990183,7.63885130007111,4.607421875,2.0,352.64111328125,398.0,142.8084914714903,83506181,20.844514381885528,1250.6708629131317,53761541,20.449550171693165,1226.97301030159,50,0.8899124264717102
28,0.8714,cuda,4,9977564928.0,38012928,9.977564928,Tesla T4,768,3072,10.154297000553925,8.60651499897358,0.19444362264169465,0.823614203081771,8.926452659798088,390.6181831359863,6,11,8.878461001586402,9.101105649642705,9.952850808331279,4.607421875,2.0,424.70849609375,478.0,112.02658414396605,102398213,25.380775892734526,1522.8465535640717,64385285,24.897898121674856,1493.8738873004913,54,0.7491955757141113
29,0.841,cuda,3,3780873984.0,23837184,3.780873984,Tesla T4,768,2304,4.163778998190537,3.631724997831043,0.09916123382936978,0.781191912419986,3.7478647798707243,205.87501907348633,4,5,3.723167501448188,3.9190527490063687,4.156962849592674,4.607421875,2.0,239.96533203125,258.0,266.8185910470583,53968901,11.268496958414714,676.1098175048828,30131717,11.035252368450164,662.1151421070099,30,0.8835341930389404
